time[ms],#packets last interval ,#packets overall,avrg last interval [ms],max last interval [ms],avrg overall [ms],overall max overall [ms],BinWidth[ms],Histogram
500.0,1293,1293,3.8659249806651244,18.528999999999996,0.0,0.0,1.0,251 6 66 535 204 14 32 96 30 14 17 11 6 3 1 4 2 0 1 0 0 0 0 0 0 0 0 0 0 0 0 0 0 0 0 0 0 0 0 0 0 0 0 0 0 0 0 0 0 0 0 0 0 0 0 0 0 0 0 0 0 0 0 0 0 0 0 0 0 0 0 0 0 0 0 0 0 0 0 0 0 0 0 0 0 0 0 0 0 0 0 0 0 0 0 0 0 0 0 0 
1000.0,1304,2597,3.9324946319018403,21.291000000000054,1.9745756642279553,10.690590681555667,1.0,469 10 102 1134 434 25 65 179 73 19 22 30 18 6 2 4 2 1 1 0 0 1 0 0 0 0 0 0 0 0 0 0 0 0 0 0 0 0 0 0 0 0 0 0 0 0 0 0 0 0 0 0 0 0 0 0 0 0 0 0 0 0 0 0 0 0 0 0 0 0 0 0 0 0 0 0 0 0 0 0 0 0 0 0 0 0 0 0 0 0 0 0 0 0 0 0 0 0 0 0 
1500.0,1288,3885,3.9631490683229855,20.60699999999997,2.633850450450452,13.978193050193058,1.0,711 10 149 1640 700 44 92 260 115 32 30 45 28 11 2 6 3 2 1 1 2 1 0 0 0 0 0 0 0 0 0 0 0 0 0 0 0 0 0 0 0 0 0 0 0 0 0 0 0 0 0 0 0 0 0 0 0 0 0 0 0 0 0 0 0 0 0 0 0 0 0 0 0 0 0 0 0 0 0 0 0 0 0 0 0 0 0 0 0 0 0 0 0 0 0 0 0 0 0 0 
2000.0,1315,5200,3.8135186311786975,24.317000000000007,2.9321703846153833,16.592718269230776,1.0,927 28 220 2229 922 59 110 353 140 43 36 59 32 16 4 8 5 2 2 1 2 1 0 0 1 0 0 0 0 0 0 0 0 0 0 0 0 0 0 0 0 0 0 0 0 0 0 0 0 0 0 0 0 0 0 0 0 0 0 0 0 0 0 0 0 0 0 0 0 0 0 0 0 0 0 0 0 0 0 0 0 0 0 0 0 0 0 0 0 0 0 0 0 0 0 0 0 0 0 0 
2500.0,1313,6513,3.8723252094440204,19.05199999999968,3.121702594810378,17.088501612160236,1.0,1147 28 280 2795 1183 60 137 438 201 44 43 71 36 17 7 10 6 2 2 2 2 1 0 0 1 0 0 0 0 0 0 0 0 0 0 0 0 0 0 0 0 0 0 0 0 0 0 0 0 0 0 0 0 0 0 0 0 0 0 0 0 0 0 0 0 0 0 0 0 0 0 0 0 0 0 0 0 0 0 0 0 0 0 0 0 0 0 0 0 0 0 0 0 0 0 0 0 0 0 0 
3000.0,1318,7831,3.858070561456751,15.628000000000156,3.2456373387817634,16.84269122717403,1.0,1381 29 350 3408 1365 68 169 521 238 54 55 85 49 20 9 14 6 2 2 2 2 1 0 0 1 0 0 0 0 0 0 0 0 0 0 0 0 0 0 0 0 0 0 0 0 0 0 0 0 0 0 0 0 0 0 0 0 0 0 0 0 0 0 0 0 0 0 0 0 0 0 0 0 0 0 0 0 0 0 0 0 0 0 0 0 0 0 0 0 0 0 0 0 0 0 0 0 0 0 0 
3500.0,1325,9156,3.812519245283016,21.074999999999818,3.327673001310614,17.455164919178635,1.0,1594 30 430 4070 1527 88 194 597 279 57 63 105 58 21 10 15 6 3 2 2 2 2 0 0 1 0 0 0 0 0 0 0 0 0 0 0 0 0 0 0 0 0 0 0 0 0 0 0 0 0 0 0 0 0 0 0 0 0 0 0 0 0 0 0 0 0 0 0 0 0 0 0 0 0 0 0 0 0 0 0 0 0 0 0 0 0 0 0 0 0 0 0 0 0 0 0 0 0 0 0 
4000.0,1322,10478,3.8378207261724646,23.06899999999996,3.392037888910096,18.163457530062942,1.0,1824 30 480 4717 1709 95 218 695 317 60 75 128 60 21 14 15 6 4 2 2 2 2 0 1 1 0 0 0 0 0 0 0 0 0 0 0 0 0 0 0 0 0 0 0 0 0 0 0 0 0 0 0 0 0 0 0 0 0 0 0 0 0 0 0 0 0 0 0 0 0 0 0 0 0 0 0 0 0 0 0 0 0 0 0 0 0 0 0 0 0 0 0 0 0 0 0 0 0 0 0 
4500.0,1308,11786,3.9075435779816585,20.590000000000146,3.4492482606482264,18.432753096894597,1.0,2047 30 527 5313 1936 104 248 790 352 69 83 141 70 22 14 18 6 5 2 2 3 2 0 1 1 0 0 0 0 0 0 0 0 0 0 0 0 0 0 0 0 0 0 0 0 0 0 0 0 0 0 0 0 0 0 0 0 0 0 0 0 0 0 0 0 0 0 0 0 0 0 0 0 0 0 0 0 0 0 0 0 0 0 0 0 0 0 0 0 0 0 0 0 0 0 0 0 0 0 0 
5000.0,1305,13091,3.8800398467432755,20.608000000000175,3.4921924986632016,18.649596516690853,1.0,2289 34 575 5895 2123 120 295 879 393 79 99 152 73 24 16 20 7 6 2 2 4 2 0 1 1 0 0 0 0 0 0 0 0 0 0 0 0 0 0 0 0 0 0 0 0 0 0 0 0 0 0 0 0 0 0 0 0 0 0 0 0 0 0 0 0 0 0 0 0 0 0 0 0 0 0 0 0 0 0 0 0 0 0 0 0 0 0 0 0 0 0 0 0 0 0 0 0 0 0 0 
5500.0,1333,14424,3.804599399849957,17.01599999999962,3.521063713255683,18.498627010537955,1.0,2488 35 647 6561 2326 128 322 969 428 84 106 160 80 25 19 20 7 7 2 2 4 2 0 1 1 0 0 0 0 0 0 0 0 0 0 0 0 0 0 0 0 0 0 0 0 0 0 0 0 0 0 0 0 0 0 0 0 0 0 0 0 0 0 0 0 0 0 0 0 0 0 0 0 0 0 0 0 0 0 0 0 0 0 0 0 0 0 0 0 0 0 0 0 0 0 0 0 0 0 0 
6000.0,1283,15707,3.96075681995323,17.282999999999447,3.5569793085885246,18.39933055325643,1.0,2730 38 703 7087 2560 146 334 1049 474 93 115 183 91 32 20 22 10 8 2 2 4 2 0 1 1 0 0 0 0 0 0 0 0 0 0 0 0 0 0 0 0 0 0 0 0 0 0 0 0 0 0 0 0 0 0 0 0 0 0 0 0 0 0 0 0 0 0 0 0 0 0 0 0 0 0 0 0 0 0 0 0 0 0 0 0 0 0 0 0 0 0 0 0 0 0 0 0 0 0 0 
6500.0,1325,17032,3.8523901886792435,20.36999999999989,3.5799607209957705,18.55263826914036,1.0,2971 39 772 7699 2734 156 383 1130 507 103 129 192 101 35 22 23 13 8 3 3 5 2 0 1 1 0 0 0 0 0 0 0 0 0 0 0 0 0 0 0 0 0 0 0 0 0 0 0 0 0 0 0 0 0 0 0 0 0 0 0 0 0 0 0 0 0 0 0 0 0 0 0 0 0 0 0 0 0 0 0 0 0 0 0 0 0 0 0 0 0 0 0 0 0 0 0 0 0 0 0 
7000.0,1298,18330,3.866087827426809,17.377000000000407,3.6002222040370957,18.469387943262365,1.0,3185 50 853 8275 2950 167 414 1202 535 114 136 210 108 41 24 28 14 9 3 3 5 2 0 1 1 0 0 0 0 0 0 0 0 0 0 0 0 0 0 0 0 0 0 0 0 0 0 0 0 0 0 0 0 0 0 0 0 0 0 0 0 0 0 0 0 0 0 0 0 0 0 0 0 0 0 0 0 0 0 0 0 0 0 0 0 0 0 0 0 0 0 0 0 0 0 0 0 0 0 0 
7500.0,1327,19657,3.8229886963074535,20.57299999999941,3.615260670499056,18.611398077020826,1.0,3409 54 953 8863 3148 174 454 1295 564 117 144 225 117 42 25 31 16 10 3 3 6 2 0 1 1 0 0 0 0 0 0 0 0 0 0 0 0 0 0 0 0 0 0 0 0 0 0 0 0 0 0 0 0 0 0 0 0 0 0 0 0 0 0 0 0 0 0 0 0 0 0 0 0 0 0 0 0 0 0 0 0 0 0 0 0 0 0 0 0 0 0 0 0 0 0 0 0 0 0 0 
8000.0,1311,20968,3.856190694126625,26.771999999999935,3.6303245421594785,19.121630293780917,1.0,3631 61 1041 9432 3340 201 492 1370 617 125 150 233 128 43 25 31 18 11 3 4 6 3 0 1 1 0 1 0 0 0 0 0 0 0 0 0 0 0 0 0 0 0 0 0 0 0 0 0 0 0 0 0 0 0 0 0 0 0 0 0 0 0 0 0 0 0 0 0 0 0 0 0 0 0 0 0 0 0 0 0 0 0 0 0 0 0 0 0 0 0 0 0 0 0 0 0 0 0 0 0 
8500.0,1322,22290,3.8460068078668783,22.17200000000048,3.643116464782412,19.302544997756794,1.0,3838 63 1101 10080 3538 213 528 1461 649 129 161 242 130 44 27 32 21 13 3 4 6 3 1 1 1 0 1 0 0 0 0 0 0 0 0 0 0 0 0 0 0 0 0 0 0 0 0 0 0 0 0 0 0 0 0 0 0 0 0 0 0 0 0 0 0 0 0 0 0 0 0 0 0 0 0 0 0 0 0 0 0 0 0 0 0 0 0 0 0 0 0 0 0 0 0 0 0 0 0 0 
9000.0,1296,23586,3.916369598765443,20.49699999999939,3.658131137115237,19.368177732553132,1.0,4074 66 1157 10648 3738 223 580 1544 682 137 173 261 135 44 31 34 23 15 3 4 7 3 1 1 1 0 1 0 0 0 0 0 0 0 0 0 0 0 0 0 0 0 0 0 0 0 0 0 0 0 0 0 0 0 0 0 0 0 0 0 0 0 0 0 0 0 0 0 0 0 0 0 0 0 0 0 0 0 0 0 0 0 0 0 0 0 0 0 0 0 0 0 0 0 0 0 0 0 0 0 
9500.0,1300,24886,3.8625115384615674,16.766999999999825,3.668807602668168,19.232296873744193,1.0,4290 66 1237 11218 3950 230 615 1644 729 138 182 275 138 45 33 36 24 15 3 4 7 3 1 1 1 0 1 0 0 0 0 0 0 0 0 0 0 0 0 0 0 0 0 0 0 0 0 0 0 0 0 0 0 0 0 0 0 0 0 0 0 0 0 0 0 0 0 0 0 0 0 0 0 0 0 0 0 0 0 0 0 0 0 0 0 0 0 0 0 0 0 0 0 0 0 0 0 0 0 0 
10000.0,1344,26230,3.7318206845238158,17.965000000000146,3.672036332443768,19.16736179946619,1.0,4496 78 1328 11882 4111 239 659 1752 745 142 191 285 142 45 37 37 24 16 3 4 7 3 1 1 1 0 1 0 0 0 0 0 0 0 0 0 0 0 0 0 0 0 0 0 0 0 0 0 0 0 0 0 0 0 0 0 0 0 0 0 0 0 0 0 0 0 0 0 0 0 0 0 0 0 0 0 0 0 0 0 0 0 0 0 0 0 0 0 0 0 0 0 0 0 0 0 0 0 0 0 
10500.0,1319,27549,3.8760295678544354,16.273999999999432,3.681803187048533,19.02883248030772,1.0,4707 78 1367 12545 4317 248 692 1829 781 144 202 299 152 45 42 39 25 16 3 4 7 3 1 1 1 0 1 0 0 0 0 0 0 0 0 0 0 0 0 0 0 0 0 0 0 0 0 0 0 0 0 0 0 0 0 0 0 0 0 0 0 0 0 0 0 0 0 0 0 0 0 0 0 0 0 0 0 0 0 0 0 0 0 0 0 0 0 0 0 0 0 0 0 0 0 0 0 0 0 0 
11000.0,1293,28842,3.9005815931941723,23.585000000000946,3.6916111226683346,19.2330875459399,1.0,4941 83 1422 13109 4523 264 719 1931 810 159 211 317 155 49 44 39 28 16 3 4 7 3 1 2 1 0 1 0 0 0 0 0 0 0 0 0 0 0 0 0 0 0 0 0 0 0 0 0 0 0 0 0 0 0 0 0 0 0 0 0 0 0 0 0 0 0 0 0 0 0 0 0 0 0 0 0 0 0 0 0 0 0 0 0 0 0 0 0 0 0 0 0 0 0 0 0 0 0 0 0 
11500.0,1302,30144,3.8917127496159476,19.79700000000048,3.7002540472399175,19.257444433386386,1.0,5170 88 1511 13688 4704 278 750 1993 867 169 218 328 166 54 46 43 30 17 3 6 7 3 1 2 1 0 1 0 0 0 0 0 0 0 0 0 0 0 0 0 0 0 0 0 0 0 0 0 0 0 0 0 0 0 0 0 0 0 0 0 0 0 0 0 0 0 0 0 0 0 0 0 0 0 0 0 0 0 0 0 0 0 0 0 0 0 0 0 0 0 0 0 0 0 0 0 0 0 0 0 
12000.0,1313,31457,3.888744097486665,19.781999999999243,3.7081215309787985,19.279339129605436,1.0,5384 89 1574 14292 4916 288 782 2092 902 181 224 337 174 54 51 45 30 17 3 7 7 3 1 2 1 0 1 0 0 0 0 0 0 0 0 0 0 0 0 0 0 0 0 0 0 0 0 0 0 0 0 0 0 0 0 0 0 0 0 0 0 0 0 0 0 0 0 0 0 0 0 0 0 0 0 0 0 0 0 0 0 0 0 0 0 0 0 0 0 0 0 0 0 0 0 0 0 0 0 0 
12500.0,1314,32771,3.8486179604261745,20.13299999999981,3.71375493576638,19.313567880137864,1.0,5601 89 1646 14912 5100 295 830 2183 933 189 236 349 179 58 51 46 30 17 4 7 8 3 1 2 1 0 1 0 0 0 0 0 0 0 0 0 0 0 0 0 0 0 0 0 0 0 0 0 0 0 0 0 0 0 0 0 0 0 0 0 0 0 0 0 0 0 0 0 0 0 0 0 0 0 0 0 0 0 0 0 0 0 0 0 0 0 0 0 0 0 0 0 0 0 0 0 0 0 0 0 
13000.0,1299,34070,3.9209515011547644,20.412000000000262,3.721654798943354,19.355448224244153,1.0,5831 89 1684 15518 5293 312 858 2279 971 204 245 362 185 61 54 47 32 17 4 7 9 3 1 2 1 0 1 0 0 0 0 0 0 0 0 0 0 0 0 0 0 0 0 0 0 0 0 0 0 0 0 0 0 0 0 0 0 0 0 0 0 0 0 0 0 0 0 0 0 0 0 0 0 0 0 0 0 0 0 0 0 0 0 0 0 0 0 0 0 0 0 0 0 0 0 0 0 0 0 0 
13500.0,1318,35388,3.8334635811835778,17.841999999998734,3.72581903470103,19.29908095964724,1.0,6045 89 1748 16130 5488 335 904 2381 1003 211 251 371 188 61 54 49 33 19 4 7 9 3 1 2 1 0 1 0 0 0 0 0 0 0 0 0 0 0 0 0 0 0 0 0 0 0 0 0 0 0 0 0 0 0 0 0 0 0 0 0 0 0 0 0 0 0 0 0 0 0 0 0 0 0 0 0 0 0 0 0 0 0 0 0 0 0 0 0 0 0 0 0 0 0 0 0 0 0 0 0 
14000.0,1290,36678,3.9393728682170637,21.88799999999901,3.7333299252958194,19.3901356944216,1.0,6270 91 1800 16705 5703 353 933 2471 1036 217 266 380 194 63 59 52 34 19 5 9 9 4 1 2 1 0 1 0 0 0 0 0 0 0 0 0 0 0 0 0 0 0 0 0 0 0 0 0 0 0 0 0 0 0 0 0 0 0 0 0 0 0 0 0 0 0 0 0 0 0 0 0 0 0 0 0 0 0 0 0 0 0 0 0 0 0 0 0 0 0 0 0 0 0 0 0 0 0 0 0 
14500.0,1284,37962,3.9707102803738414,20.188000000000102,3.7413589115431245,19.41712209577987,1.0,6494 93 1861 17251 5921 385 952 2546 1088 225 273 398 203 66 62 57 35 19 5 9 10 4 1 2 1 0 1 0 0 0 0 0 0 0 0 0 0 0 0 0 0 0 0 0 0 0 0 0 0 0 0 0 0 0 0 0 0 0 0 0 0 0 0 0 0 0 0 0 0 0 0 0 0 0 0 0 0 0 0 0 0 0 0 0 0 0 0 0 0 0 0 0 0 0 0 0 0 0 0 0 
15000.0,1313,39275,3.88802741812645,19.421000000000276,3.746262176957355,19.417251737746554,1.0,6718 95 1925 17852 6130 395 985 2633 1127 227 281 412 210 67 65 61 35 19 9 10 10 4 1 2 1 0 1 0 0 0 0 0 0 0 0 0 0 0 0 0 0 0 0 0 0 0 0 0 0 0 0 0 0 0 0 0 0 0 0 0 0 0 0 0 0 0 0 0 0 0 0 0 0 0 0 0 0 0 0 0 0 0 0 0 0 0 0 0 0 0 0 0 0 0 0 0 0 0 0 0 
15500.0,1323,40598,3.8081934996220683,17.72099999999955,3.748280383270115,19.36197460466021,1.0,6934 102 2010 18456 6331 402 1026 2714 1163 233 297 425 215 67 65 64 35 21 9 10 10 4 1 2 1 0 1 0 0 0 0 0 0 0 0 0 0 0 0 0 0 0 0 0 0 0 0 0 0 0 0 0 0 0 0 0 0 0 0 0 0 0 0 0 0 0 0 0 0 0 0 0 0 0 0 0 0 0 0 0 0 0 0 0 0 0 0 0 0 0 0 0 0 0 0 0 0 0 0 0 
16000.0,1330,41928,3.797474436090258,19.730999999999767,3.7498408700629686,19.373680476054066,1.0,7137 104 2075 19125 6524 407 1065 2801 1196 239 307 439 215 67 67 65 35 21 9 11 10 4 1 2 1 0 1 0 0 0 0 0 0 0 0 0 0 0 0 0 0 0 0 0 0 0 0 0 0 0 0 0 0 0 0 0 0 0 0 0 0 0 0 0 0 0 0 0 0 0 0 0 0 0 0 0 0 0 0 0 0 0 0 0 0 0 0 0 0 0 0 0 0 0 0 0 0 0 0 0 
16500.0,1312,43240,3.8937842987805174,19.570999999999913,3.754208441258099,19.37966759944484,1.0,7374 105 2128 19708 6729 422 1092 2904 1237 246 318 450 224 68 70 67 37 21 9 12 10 4 1 2 1 0 1 0 0 0 0 0 0 0 0 0 0 0 0 0 0 0 0 0 0 0 0 0 0 0 0 0 0 0 0 0 0 0 0 0 0 0 0 0 0 0 0 0 0 0 0 0 0 0 0 0 0 0 0 0 0 0 0 0 0 0 0 0 0 0 0 0 0 0 0 0 0 0 0 0 
17000.0,1313,44553,3.8308156892612373,19.12199999999939,3.756466096559159,19.37207400175059,1.0,7580 111 2222 20298 6932 442 1126 2990 1274 256 324 460 226 70 71 68 39 23 9 13 10 4 1 2 1 0 1 0 0 0 0 0 0 0 0 0 0 0 0 0 0 0 0 0 0 0 0 0 0 0 0 0 0 0 0 0 0 0 0 0 0 0 0 0 0 0 0 0 0 0 0 0 0 0 0 0 0 0 0 0 0 0 0 0 0 0 0 0 0 0 0 0 0 0 0 0 0 0 0 0 
17500.0,1294,45847,3.92985703245746,17.12800000000061,3.761359936309904,19.308736558553335,1.0,7806 111 2269 20880 7138 458 1154 3086 1323 267 329 476 232 71 72 69 41 24 9 13 10 4 1 2 1 0 1 0 0 0 0 0 0 0 0 0 0 0 0 0 0 0 0 0 0 0 0 0 0 0 0 0 0 0 0 0 0 0 0 0 0 0 0 0 0 0 0 0 0 0 0 0 0 0 0 0 0 0 0 0 0 0 0 0 0 0 0 0 0 0 0 0 0 0 0 0 0 0 0 0 
18000.0,1327,47174,3.828269781461899,23.84100000000035,3.7632421037011934,19.436228685292644,1.0,8023 111 2343 21516 7343 465 1175 3180 1351 272 336 487 243 73 76 71 42 24 9 13 10 4 2 3 1 0 1 0 0 0 0 0 0 0 0 0 0 0 0 0 0 0 0 0 0 0 0 0 0 0 0 0 0 0 0 0 0 0 0 0 0 0 0 0 0 0 0 0 0 0 0 0 0 0 0 0 0 0 0 0 0 0 0 0 0 0 0 0 0 0 0 0 0 0 0 0 0 0 0 0 
18500.0,1296,48470,3.943135802469091,21.65099999999802,3.7680521353414496,19.495447658345217,1.0,8269 111 2390 22055 7559 492 1203 3275 1402 277 343 500 254 74 79 73 42 26 11 13 10 5 2 3 1 0 1 0 0 0 0 0 0 0 0 0 0 0 0 0 0 0 0 0 0 0 0 0 0 0 0 0 0 0 0 0 0 0 0 0 0 0 0 0 0 0 0 0 0 0 0 0 0 0 0 0 0 0 0 0 0 0 0 0 0 0 0 0 0 0 0 0 0 0 0 0 0 0 0 0 
19000.0,1317,49787,3.864789673500413,22.06199999999808,3.77061110330006,19.563339867836785,1.0,8505 111 2439 22680 7732 511 1243 3375 1426 290 357 507 262 78 81 74 42 26 11 13 10 6 3 3 1 0 1 0 0 0 0 0 0 0 0 0 0 0 0 0 0 0 0 0 0 0 0 0 0 0 0 0 0 0 0 0 0 0 0 0 0 0 0 0 0 0 0 0 0 0 0 0 0 0 0 0 0 0 0 0 0 0 0 0 0 0 0 0 0 0 0 0 0 0 0 0 0 0 0 0 
19500.0,1312,51099,3.8688109756096876,19.327000000001135,3.7731324487759057,19.55727168829119,1.0,8713 112 2520 23286 7940 533 1282 3440 1459 299 366 517 271 78 85 76 43 27 13 15 10 6 3 3 1 0 1 0 0 0 0 0 0 0 0 0 0 0 0 0 0 0 0 0 0 0 0 0 0 0 0 0 0 0 0 0 0 0 0 0 0 0 0 0 0 0 0 0 0 0 0 0 0 0 0 0 0 0 0 0 0 0 0 0 0 0 0 0 0 0 0 0 0 0 0 0 0 0 0 0 
20000.0,1316,52415,3.864215045592595,20.019000000000233,3.775419288371647,19.568864447200074,1.0,8933 114 2589 23876 8166 540 1306 3541 1490 307 376 533 275 79 87 79 43 27 14 15 11 6 3 3 1 0 1 0 0 0 0 0 0 0 0 0 0 0 0 0 0 0 0 0 0 0 0 0 0 0 0 0 0 0 0 0 0 0 0 0 0 0 0 0 0 0 0 0 0 0 0 0 0 0 0 0 0 0 0 0 0 0 0 0 0 0 0 0 0 0 0 0 0 0 0 0 0 0 0 0 
20500.0,1301,53716,3.906887778631741,22.999000000003434,3.778603451485586,19.65194223322653,1.0,9154 114 2658 24451 8385 553 1336 3621 1542 309 384 546 284 81 87 83 46 27 14 15 11 6 4 3 1 0 1 0 0 0 0 0 0 0 0 0 0 0 0 0 0 0 0 0 0 0 0 0 0 0 0 0 0 0 0 0 0 0 0 0 0 0 0 0 0 0 0 0 0 0 0 0 0 0 0 0 0 0 0 0 0 0 0 0 0 0 0 0 0 0 0 0 0 0 0 0 0 0 0 0 
21000.0,1286,55002,3.962295489891069,20.781999999999243,3.7828983491509343,19.67836407766982,1.0,9393 115 2725 24955 8614 582 1367 3704 1593 317 394 554 294 89 88 86 48 27 15 15 12 6 4 3 1 0 1 0 0 0 0 0 0 0 0 0 0 0 0 0 0 0 0 0 0 0 0 0 0 0 0 0 0 0 0 0 0 0 0 0 0 0 0 0 0 0 0 0 0 0 0 0 0 0 0 0 0 0 0 0 0 0 0 0 0 0 0 0 0 0 0 0 0 0 0 0 0 0 0 0 
21500.0,1319,56321,3.8317892342684137,20.364999999997963,3.7840433408497667,19.694444629889254,1.0,9586 115 2806 25582 8851 588 1394 3785 1624 318 399 572 298 91 89 88 49 27 15 16 13 6 4 3 1 0 1 0 0 0 0 0 0 0 0 0 0 0 0 0 0 0 0 0 0 0 0 0 0 0 0 0 0 0 0 0 0 0 0 0 0 0 0 0 0 0 0 0 0 0 0 0 0 0 0 0 0 0 0 0 0 0 0 0 0 0 0 0 0 0 0 0 0 0 0 0 0 0 0 0 
22000.0,1300,57621,3.9353992307691694,23.743999999998778,3.7874581142291808,19.78580753544699,1.0,9827 115 2840 26150 9084 596 1425 3884 1660 324 410 587 304 91 94 90 50 28 16 16 14 6 4 4 1 0 1 0 0 0 0 0 0 0 0 0 0 0 0 0 0 0 0 0 0 0 0 0 0 0 0 0 0 0 0 0 0 0 0 0 0 0 0 0 0 0 0 0 0 0 0 0 0 0 0 0 0 0 0 0 0 0 0 0 0 0 0 0 0 0 0 0 0 0 0 0 0 0 0 0 
22500.0,1295,58916,3.90326409266412,23.70100000000093,3.7900035813700805,19.871865214882074,1.0,10056 120 2910 26687 9301 623 1452 3963 1717 331 422 602 308 93 97 92 51 28 16 16 14 6 4 5 1 0 1 0 0 0 0 0 0 0 0 0 0 0 0 0 0 0 0 0 0 0 0 0 0 0 0 0 0 0 0 0 0 0 0 0 0 0 0 0 0 0 0 0 0 0 0 0 0 0 0 0 0 0 0 0 0 0 0 0 0 0 0 0 0 0 0 0 0 0 0 0 0 0 0 0 
23000.0,1286,60202,3.9607877138413916,17.57999999999811,3.7936517723663616,19.82290772731786,1.0,10284 121 2989 27172 9551 654 1479 4051 1765 344 426 614 318 93 99 94 53 32 16 16 14 6 4 5 1 0 1 0 0 0 0 0 0 0 0 0 0 0 0 0 0 0 0 0 0 0 0 0 0 0 0 0 0 0 0 0 0 0 0 0 0 0 0 0 0 0 0 0 0 0 0 0 0 0 0 0 0 0 0 0 0 0 0 0 0 0 0 0 0 0 0 0 0 0 0 0 0 0 0 0 
23500.0,1320,61522,3.874884090909081,18.72099999999773,3.7953946718247082,19.799265482266293,1.0,10510 122 3057 27785 9747 664 1511 4141 1802 346 432 629 333 93 102 97 55 32 17 16 14 6 4 5 1 0 1 0 0 0 0 0 0 0 0 0 0 0 0 0 0 0 0 0 0 0 0 0 0 0 0 0 0 0 0 0 0 0 0 0 0 0 0 0 0 0 0 0 0 0 0 0 0 0 0 0 0 0 0 0 0 0 0 0 0 0 0 0 0 0 0 0 0 0 0 0 0 0 0 0 
24000.0,1308,62830,3.8918287461774166,23.031999999999243,3.7974022441508795,19.866564809804007,1.0,10729 124 3113 28401 9937 684 1542 4227 1842 356 443 643 338 95 104 97 56 33 17 16 14 7 4 6 1 0 1 0 0 0 0 0 0 0 0 0 0 0 0 0 0 0 0 0 0 0 0 0 0 0 0 0 0 0 0 0 0 0 0 0 0 0 0 0 0 0 0 0 0 0 0 0 0 0 0 0 0 0 0 0 0 0 0 0 0 0 0 0 0 0 0 0 0 0 0 0 0 0 0 0 
24500.0,1293,64123,3.9309644238205927,23.14100000000326,3.800095441573223,19.93259173775385,1.0,10971 124 3213 28897 10149 711 1572 4306 1892 363 451 662 344 99 111 99 59 33 17 16 14 7 4 7 1 0 1 0 0 0 0 0 0 0 0 0 0 0 0 0 0 0 0 0 0 0 0 0 0 0 0 0 0 0 0 0 0 0 0 0 0 0 0 0 0 0 0 0 0 0 0 0 0 0 0 0 0 0 0 0 0 0 0 0 0 0 0 0 0 0 0 0 0 0 0 0 0 0 0 0 
25000.0,1307,65430,3.8481622035194345,30.145000000000437,3.801055601406078,20.13659017270351,1.0,11197 135 3300 29468 10344 730 1595 4400 1922 369 461 684 348 100 112 103 59 33 17 16 14 7 5 8 1 0 1 0 0 0 1 0 0 0 0 0 0 0 0 0 0 0 0 0 0 0 0 0 0 0 0 0 0 0 0 0 0 0 0 0 0 0 0 0 0 0 0 0 0 0 0 0 0 0 0 0 0 0 0 0 0 0 0 0 0 0 0 0 0 0 0 0 0 0 0 0 0 0 0 0 
25500.0,1297,66727,3.9375296838858977,15.400000000001455,3.803708303984889,20.04452313156582,1.0,11427 137 3349 30026 10568 742 1625 4497 1968 373 472 706 354 100 114 107 59 33 17 16 14 7 5 8 1 0 1 0 0 0 1 0 0 0 0 0 0 0 0 0 0 0 0 0 0 0 0 0 0 0 0 0 0 0 0 0 0 0 0 0 0 0 0 0 0 0 0 0 0 0 0 0 0 0 0 0 0 0 0 0 0 0 0 0 0 0 0 0 0 0 0 0 0 0 0 0 0 0 0 0 
26000.0,1316,68043,3.8186018237081862,17.68000000000029,3.8039963552459426,19.998791572975808,1.0,11640 151 3426 30627 10776 755 1647 4593 2000 373 480 721 365 102 115 108 60 34 17 16 14 7 5 8 1 0 1 0 0 0 1 0 0 0 0 0 0 0 0 0 0 0 0 0 0 0 0 0 0 0 0 0 0 0 0 0 0 0 0 0 0 0 0 0 0 0 0 0 0 0 0 0 0 0 0 0 0 0 0 0 0 0 0 0 0 0 0 0 0 0 0 0 0 0 0 0 0 0 0 0 
26500.0,1281,69324,3.9592708821232567,26.65599999999904,3.8068655876752575,20.121806459523278,1.0,11894 154 3479 31124 11020 775 1670 4666 2055 383 485 736 380 105 117 112 62 34 17 17 14 7 5 8 1 1 2 0 0 0 1 0 0 0 0 0 0 0 0 0 0 0 0 0 0 0 0 0 0 0 0 0 0 0 0 0 0 0 0 0 0 0 0 0 0 0 0 0 0 0 0 0 0 0 0 0 0 0 0 0 0 0 0 0 0 0 0 0 0 0 0 0 0 0 0 0 0 0 0 0 
27000.0,1314,70638,3.860068493150777,21.045999999998457,3.807855262040257,20.138998202100705,1.0,12122 154 3553 31704 11237 784 1692 4777 2086 386 494 752 386 108 118 112 63 34 19 17 14 8 5 8 1 1 2 0 0 0 1 0 0 0 0 0 0 0 0 0 0 0 0 0 0 0 0 0 0 0 0 0 0 0 0 0 0 0 0 0 0 0 0 0 0 0 0 0 0 0 0 0 0 0 0 0 0 0 0 0 0 0 0 0 0 0 0 0 0 0 0 0 0 0 0 0 0 0 0 0 
27500.0,1281,71919,3.96873770491798,21.58600000000297,3.8107208526258654,20.164771771020085,1.0,12369 157 3597 32224 11471 797 1716 4876 2128 395 497 772 394 111 123 115 64 34 20 17 14 10 5 8 1 1 2 0 0 0 1 0 0 0 0 0 0 0 0 0 0 0 0 0 0 0 0 0 0 0 0 0 0 0 0 0 0 0 0 0 0 0 0 0 0 0 0 0 0 0 0 0 0 0 0 0 0 0 0 0 0 0 0 0 0 0 0 0 0 0 0 0 0 0 0 0 0 0 0 0 
28000.0,1304,73223,3.912299846625769,27.343000000000757,3.8125298335222486,20.292606052742915,1.0,12601 159 3673 32791 11677 812 1744 4965 2172 400 506 781 402 114 123 118 67 34 20 17 15 10 7 8 2 1 2 1 0 0 1 0 0 0 0 0 0 0 0 0 0 0 0 0 0 0 0 0 0 0 0 0 0 0 0 0 0 0 0 0 0 0 0 0 0 0 0 0 0 0 0 0 0 0 0 0 0 0 0 0 0 0 0 0 0 0 0 0 0 0 0 0 0 0 0 0 0 0 0 0 
28500.0,1300,74523,3.9037999999999906,17.916999999997643,3.814121975765866,20.2511653180896,1.0,12838 160 3743 33336 11884 832 1780 5058 2213 406 521 791 411 116 125 120 70 35 20 17 15 10 7 8 2 1 2 1 0 0 1 0 0 0 0 0 0 0 0 0 0 0 0 0 0 0 0 0 0 0 0 0 0 0 0 0 0 0 0 0 0 0 0 0 0 0 0 0 0 0 0 0 0 0 0 0 0 0 0 0 0 0 0 0 0 0 0 0 0 0 0 0 0 0 0 0 0 0 0 0 
29000.0,1299,75822,3.9175242494226676,16.975000000002183,3.8158934873783292,20.195037297881804,1.0,13088 164 3801 33892 12075 850 1809 5149 2256 412 530 809 421 121 128 124 74 35 20 17 15 10 7 8 2 1 2 1 0 0 1 0 0 0 0 0 0 0 0 0 0 0 0 0 0 0 0 0 0 0 0 0 0 0 0 0 0 0 0 0 0 0 0 0 0 0 0 0 0 0 0 0 0 0 0 0 0 0 0 0 0 0 0 0 0 0 0 0 0 0 0 0 0 0 0 0 0 0 0 0 
29500.0,1317,77139,3.8524457099468283,17.477999999999156,3.8165175462476784,20.14864911393709,1.0,13329 164 3888 34455 12274 863 1851 5233 2288 417 549 823 426 126 131 125 76 37 20 17 15 10 7 8 2 1 2 1 0 0 1 0 0 0 0 0 0 0 0 0 0 0 0 0 0 0 0 0 0 0 0 0 0 0 0 0 0 0 0 0 0 0 0 0 0 0 0 0 0 0 0 0 0 0 0 0 0 0 0 0 0 0 0 0 0 0 0 0 0 0 0 0 0 0 0 0 0 0 0 0 
30000.0,1315,78454,3.8690555133080435,18.89900000000125,3.8173981568817363,20.127703227368837,1.0,13553 166 3955 35033 12505 877 1869 5334 2325 420 558 840 431 129 132 126 78 37 22 17 15 10 7 8 2 1 2 1 0 0 1 0 0 0 0 0 0 0 0 0 0 0 0 0 0 0 0 0 0 0 0 0 0 0 0 0 0 0 0 0 0 0 0 0 0 0 0 0 0 0 0 0 0 0 0 0 0 0 0 0 0 0 0 0 0 0 0 0 0 0 0 0 0 0 0 0 0 0 0 0 
30500.0,1317,79771,3.823290053151146,23.56999999999971,3.817495430670291,20.18453471813058,1.0,13772 167 4074 35588 12703 900 1905 5426 2356 428 564 855 434 130 135 129 80 38 22 17 15 10 7 9 2 1 2 1 0 0 1 0 0 0 0 0 0 0 0 0 0 0 0 0 0 0 0 0 0 0 0 0 0 0 0 0 0 0 0 0 0 0 0 0 0 0 0 0 0 0 0 0 0 0 0 0 0 0 0 0 0 0 0 0 0 0 0 0 0 0 0 0 0 0 0 0 0 0 0 0 
31000.0,1304,81075,3.901572085889616,21.73199999999997,3.8188477089115,20.20942395312975,1.0,14002 168 4122 36160 12923 909 1941 5537 2395 432 570 871 440 131 137 129 80 39 22 17 16 11 7 9 2 1 2 1 0 0 1 0 0 0 0 0 0 0 0 0 0 0 0 0 0 0 0 0 0 0 0 0 0 0 0 0 0 0 0 0 0 0 0 0 0 0 0 0 0 0 0 0 0 0 0 0 0 0 0 0 0 0 0 0 0 0 0 0 0 0 0 0 0 0 0 0 0 0 0 0 
31500.0,1317,82392,3.8376157934700705,15.712000000003172,3.819147708515389,20.137534602874048,1.0,14223 169 4196 36762 13132 922 1981 5601 2437 438 586 886 449 131 137 134 80 39 22 17 16 11 7 9 2 1 2 1 0 0 1 0 0 0 0 0 0 0 0 0 0 0 0 0 0 0 0 0 0 0 0 0 0 0 0 0 0 0 0 0 0 0 0 0 0 0 0 0 0 0 0 0 0 0 0 0 0 0 0 0 0 0 0 0 0 0 0 0 0 0 0 0 0 0 0 0 0 0 0 0 
32000.0,1296,83688,3.9469891975307765,18.425999999999476,3.8211274734728975,20.111029621929042,1.0,14470 169 4238 37330 13338 939 2006 5680 2483 448 610 901 456 132 139 136 84 39 23 17 16 11 7 9 2 1 2 1 0 0 1 0 0 0 0 0 0 0 0 0 0 0 0 0 0 0 0 0 0 0 0 0 0 0 0 0 0 0 0 0 0 0 0 0 0 0 0 0 0 0 0 0 0 0 0 0 0 0 0 0 0 0 0 0 0 0 0 0 0 0 0 0 0 0 0 0 0 0 0 0 
32500.0,1291,84979,3.941802478698634,22.376000000000204,3.8229607667776713,20.14543902611231,1.0,14721 169 4288 37845 13571 957 2041 5772 2525 453 620 918 467 136 141 138 87 39 23 17 16 11 8 9 2 1 2 1 0 0 1 0 0 0 0 0 0 0 0 0 0 0 0 0 0 0 0 0 0 0 0 0 0 0 0 0 0 0 0 0 0 0 0 0 0 0 0 0 0 0 0 0 0 0 0 0 0 0 0 0 0 0 0 0 0 0 0 0 0 0 0 0 0 0 0 0 0 0 0 0 
33000.0,1321,86300,3.85646782740351,22.38799999999901,3.82347366164542,20.179766060254888,1.0,14942 169 4367 38466 13750 974 2089 5856 2543 462 630 934 474 142 143 139 88 39 23 17 16 12 9 9 2 1 2 1 0 0 1 0 0 0 0 0 0 0 0 0 0 0 0 0 0 0 0 0 0 0 0 0 0 0 0 0 0 0 0 0 0 0 0 0 0 0 0 0 0 0 0 0 0 0 0 0 0 0 0 0 0 0 0 0 0 0 0 0 0 0 0 0 0 0 0 0 0 0 0 0 
33500.0,1323,87623,3.8454142101286224,18.190999999998894,3.823804937059904,20.149738128116994,1.0,15156 169 4427 39085 13972 985 2121 5940 2591 464 638 943 481 145 144 141 88 39 24 17 16 12 9 9 2 1 2 1 0 0 1 0 0 0 0 0 0 0 0 0 0 0 0 0 0 0 0 0 0 0 0 0 0 0 0 0 0 0 0 0 0 0 0 0 0 0 0 0 0 0 0 0 0 0 0 0 0 0 0 0 0 0 0 0 0 0 0 0 0 0 0 0 0 0 0 0 0 0 0 0 
34000.0,1292,88915,3.91541408668736,20.449000000000524,3.8251360850250244,20.154086622054727,1.0,15393 169 4498 39608 14191 1011 2157 6025 2636 475 647 960 483 148 146 143 91 39 24 17 17 12 9 9 2 1 2 1 0 0 1 0 0 0 0 0 0 0 0 0 0 0 0 0 0 0 0 0 0 0 0 0 0 0 0 0 0 0 0 0 0 0 0 0 0 0 0 0 0 0 0 0 0 0 0 0 0 0 0 0 0 0 0 0 0 0 0 0 0 0 0 0 0 0 0 0 0 0 0 0 
34500.0,1295,90210,3.932861003861122,23.00100000000384,3.8266825185677886,20.194955182352302,1.0,15610 169 4551 40179 14431 1024 2174 6120 2687 477 654 975 490 149 146 146 92 39 24 18 17 12 9 10 2 1 2 1 0 0 1 0 0 0 0 0 0 0 0 0 0 0 0 0 0 0 0 0 0 0 0 0 0 0 0 0 0 0 0 0 0 0 0 0 0 0 0 0 0 0 0 0 0 0 0 0 0 0 0 0 0 0 0 0 0 0 0 0 0 0 0 0 0 0 0 0 0 0 0 0 
35000.0,1331,91541,3.7791975957926325,16.471000000005006,3.825992090975631,20.140809123780684,1.0,15810 172 4644 40818 14633 1037 2216 6185 2725 481 659 982 505 152 146 146 94 39 24 18 17 12 9 10 2 1 2 1 0 0 1 0 0 0 0 0 0 0 0 0 0 0 0 0 0 0 0 0 0 0 0 0 0 0 0 0 0 0 0 0 0 0 0 0 0 0 0 0 0 0 0 0 0 0 0 0 0 0 0 0 0 0 0 0 0 0 0 0 0 0 0 0 0 0 0 0 0 0 0 0 
35500.0,1312,92853,3.8938254573171456,17.1620000000039,3.8269505670253015,20.0987189643847,1.0,16055 172 4710 41384 14839 1044 2247 6289 2762 486 665 997 514 155 149 151 97 40 24 18 17 12 9 10 2 1 2 1 0 0 1 0 0 0 0 0 0 0 0 0 0 0 0 0 0 0 0 0 0 0 0 0 0 0 0 0 0 0 0 0 0 0 0 0 0 0 0 0 0 0 0 0 0 0 0 0 0 0 0 0 0 0 0 0 0 0 0 0 0 0 0 0 0 0 0 0 0 0 0 0 
36000.0,1301,94154,3.9095864719446154,22.588999999999942,3.828092412430701,20.133129139495004,1.0,16288 172 4762 41964 15037 1058 2289 6387 2795 496 675 1015 520 155 151 154 97 40 24 18 17 12 11 10 2 1 2 1 0 0 1 0 0 0 0 0 0 0 0 0 0 0 0 0 0 0 0 0 0 0 0 0 0 0 0 0 0 0 0 0 0 0 0 0 0 0 0 0 0 0 0 0 0 0 0 0 0 0 0 0 0 0 0 0 0 0 0 0 0 0 0 0 0 0 0 0 0 0 0 0 
36500.0,1295,95449,3.910695752895693,24.669999999998254,3.829213129524669,20.19468293015129,1.0,16515 172 4842 42497 15281 1077 2312 6465 2837 500 682 1033 529 155 154 156 99 40 26 19 17 12 11 10 3 1 2 1 0 0 1 0 0 0 0 0 0 0 0 0 0 0 0 0 0 0 0 0 0 0 0 0 0 0 0 0 0 0 0 0 0 0 0 0 0 0 0 0 0 0 0 0 0 0 0 0 0 0 0 0 0 0 0 0 0 0 0 0 0 0 0 0 0 0 0 0 0 0 0 0 
37000.0,1328,96777,3.8473659638554842,20.377999999996973,3.829462227595402,20.197198456244834,1.0,16738 172 4912 43099 15493 1090 2357 6543 2877 504 690 1055 534 157 156 156 100 40 26 19 18 12 11 10 3 1 2 1 0 0 1 0 0 0 0 0 0 0 0 0 0 0 0 0 0 0 0 0 0 0 0 0 0 0 0 0 0 0 0 0 0 0 0 0 0 0 0 0 0 0 0 0 0 0 0 0 0 0 0 0 0 0 0 0 0 0 0 0 0 0 0 0 0 0 0 0 0 0 0 0 
37500.0,1313,98090,3.838342726580305,23.213999999999942,3.8295810989907246,20.23758035477629,1.0,16965 173 5010 43668 15706 1092 2388 6635 2918 506 695 1070 540 161 156 158 100 40 27 21 18 12 12 11 3 1 2 1 0 0 1 0 0 0 0 0 0 0 0 0 0 0 0 0 0 0 0 0 0 0 0 0 0 0 0 0 0 0 0 0 0 0 0 0 0 0 0 0 0 0 0 0 0 0 0 0 0 0 0 0 0 0 0 0 0 0 0 0 0 0 0 0 0 0 0 0 0 0 0 0 
38000.0,1282,99372,3.966737129485199,18.9320000000007,3.8313505514631907,20.220737038602497,1.0,17197 173 5060 44193 15948 1114 2410 6711 2974 524 700 1088 547 163 157 159 101 43 28 21 18 12 12 11 3 1 2 1 0 0 1 0 0 0 0 0 0 0 0 0 0 0 0 0 0 0 0 0 0 0 0 0 0 0 0 0 0 0 0 0 0 0 0 0 0 0 0 0 0 0 0 0 0 0 0 0 0 0 0 0 0 0 0 0 0 0 0 0 0 0 0 0 0 0 0 0 0 0 0 0 
38500.0,1327,100699,3.7995244913339654,16.04699999999866,3.830931151252747,20.16573600532285,1.0,17414 175 5162 44813 16123 1123 2452 6779 3024 527 711 1103 555 164 159 160 102 43 28 21 18 12 12 11 3 1 2 1 0 0 1 0 0 0 0 0 0 0 0 0 0 0 0 0 0 0 0 0 0 0 0 0 0 0 0 0 0 0 0 0 0 0 0 0 0 0 0 0 0 0 0 0 0 0 0 0 0 0 0 0 0 0 0 0 0 0 0 0 0 0 0 0 0 0 0 0 0 0 0 0 
39000.0,1322,102021,3.837640695915294,17.792999999997846,3.8310180943139196,20.13498981582226,1.0,17629 175 5215 45428 16353 1133 2488 6860 3073 529 724 1113 558 165 160 161 103 44 28 21 18 12 12 11 3 1 2 1 0 0 1 0 0 0 0 0 0 0 0 0 0 0 0 0 0 0 0 0 0 0 0 0 0 0 0 0 0 0 0 0 0 0 0 0 0 0 0 0 0 0 0 0 0 0 0 0 0 0 0 0 0 0 0 0 0 0 0 0 0 0 0 0 0 0 0 0 0 0 0 0 
39500.0,1303,103324,3.9118887183422864,23.48700000000099,3.8320379389106147,20.17726140102981,1.0,17859 176 5279 45983 16582 1148 2520 6941 3119 535 733 1132 563 167 161 164 103 45 28 21 19 13 13 12 3 1 2 1 0 0 1 0 0 0 0 0 0 0 0 0 0 0 0 0 0 0 0 0 0 0 0 0 0 0 0 0 0 0 0 0 0 0 0 0 0 0 0 0 0 0 0 0 0 0 0 0 0 0 0 0 0 0 0 0 0 0 0 0 0 0 0 0 0 0 0 0 0 0 0 0 
40000.0,1294,104618,3.906870170015477,17.544000000001688,3.8329635244413045,20.14469109522268,1.0,18083 179 5354 46523 16803 1176 2547 7016 3166 550 741 1142 573 169 162 170 104 46 28 21 19 13 13 12 3 1 2 1 0 0 1 0 0 0 0 0 0 0 0 0 0 0 0 0 0 0 0 0 0 0 0 0 0 0 0 0 0 0 0 0 0 0 0 0 0 0 0 0 0 0 0 0 0 0 0 0 0 0 0 0 0 0 0 0 0 0 0 0 0 0 0 0 0 0 0 0 0 0 0 0 
40500.0,1339,105957,3.7745795369678024,20.182999999997264,3.8322257142048217,20.14517521258626,1.0,18289 191 5439 47179 16972 1196 2580 7099 3203 556 752 1151 579 169 163 172 104 47 28 22 20 13 13 12 3 1 2 1 0 0 1 0 0 0 0 0 0 0 0 0 0 0 0 0 0 0 0 0 0 0 0 0 0 0 0 0 0 0 0 0 0 0 0 0 0 0 0 0 0 0 0 0 0 0 0 0 0 0 0 0 0 0 0 0 0 0 0 0 0 0 0 0 0 0 0 0 0 0 0 0 
